full_name,id,distinct_releases,releases_mean_time,releases_median_time,first_release_date,last_release_date,total_time_days
kitasuke/PagingMenuController,35370819,10,29,17,2016-4-22,2017-1-9,262
mapsme/omim,42798033,7,50,47,2016-10-4,2017-8-2,303
TrinityCore/TrinityCore,1204412,10,112,114,2014-7-13,2017-4-18,1010
lz4/lz4,18106269,20,64,27,2014-4-9,2017-8-18,1224
slimphp/Slim,926544,29,48,30,2013-7-14,2017-3-18,1344
invoiceninja/invoiceninja,14716368,89,14,11,2014-3-19,2017-10-23,1309
wp-cli/wp-cli,2360755,31,47,47,2013-12-6,2017-10-17,1411
kenwheeler/slick,18049133,25,52,15,2014-3-24,2017-9-12,1263
swirldev/swirl,13523710,14,88,30,2014-1-14,2017-3-3,1144
insidegui/WWDC,34222505,33,27,7,2015-4-20,2017-9-24,884
firehol/netdata,10744183,11,72,61,2015-9-25,2017-9-17,722
layerhq/Atlas-iOS,24773666,17,52,51,2015-6-3,2017-9-27,844
ajenti/ajenti,544208,16,16,10,2013-11-19,2014-7-24,250
facebook/conceal,16226063,6,98,10,2016-2-24,2017-7-3,494
gravitational/teleport,31558937,33,17,12,2016-3-24,2017-10-17,568
gitextensions/gitextensions,85953,18,89,17,2013-7-2,2017-9-6,1524
aws/aws-sdk-go,27576132,157,5,5,2015-6-3,2017-10-24,871
cake-build/cake,20094029,66,18,15,2014-6-12,2017-10-11,1214
hioa-cs/IncludeOS,21562567,12,65,47,2015-10-28,2017-10-13,715
ruby-concurrency/concurrent-ruby,11607598,30,36,19,2014-4-8,2017-2-26,1053
fzaninotto/Faker,2579314,6,278,360,2013-10-21,2017-8-15,1394
rg3/youtube-dl,1039520,108,4,4,2016-6-4,2017-10-29,510
Draveness/DKNightVersion,33925743,6,66,44,2016-5-2,2017-4-1,334
ibireme/YYText,45612129,2,142,142,2016-4-21,2016-9-13,142
pingcap/tidb,41986369,9,55,46,2016-7-30,2017-10-16,441
grpc/grpc-go,27729907,12,19,17,2017-3-20,2017-10-25,215
pixijs/pixi.js,7741856,57,27,16,2013-8-18,2017-10-27,1529
axios/axios,23088740,11,53,44,2016-4-27,2017-10-21,539
twbs/bootstrap-sass,2336578,8,124,133,2013-7-2,2015-11-24,872
klange/toaruos,1259258,30,53,5,2013-7-15,2017-10-12,1547
activeadmin/activeadmin,611921,7,161,49,2014-12-4,2017-7-26,967
OpenEmu/OpenEmu,1185279,10,132,96,2013-12-23,2017-3-22,1189
ensime/ensime-server,578384,5,25,34,2017-6-13,2017-9-24,101
jsonmodel/jsonmodel,6969835,3,36,50,2016-7-22,2016-10-5,73
telegramdesktop/tdesktop,19374812,59,12,8,2015-9-13,2017-9-6,723
yandex/gixy,85012942,6,32,7,2017-4-28,2017-10-10,162
electronicarts/EASTL,48068902,11,50,53,2016-5-25,2017-10-16,506
Microsoft/UWPCommunityToolkit,61403402,8,54,48,2016-8-16,2017-8-29,378
jekyll/jekyll,65252,54,29,24,2013-6-14,2017-10-21,1587
RainLoop/rainloop-webmail,13073056,22,23,8,2016-5-22,2017-9-25,488
Modernizr/Modernizr,317757,6,230,55,2014-2-24,2017-4-20,1151
videojs/video.js,667006,82,19,11,2013-7-16,2017-10-10,1544
daimajia/AndroidViewAnimations,21113349,7,162,21,2014-6-23,2017-2-21,973
JadenGeller/Helium,33659097,4,67,5,2015-4-10,2015-10-31,201
dingo/api,18673522,19,68,18,2014-4-30,2017-9-20,1235
Leaflet/Leaflet,931135,11,74,67,2015-10-14,2017-10-25,741
uxsolutions/bootstrap-datepicker,3744545,15,66,64,2014-12-17,2017-7-6,934
ResearchKit/ResearchKit,31979038,3,131,256,2016-10-26,2017-7-13,262
hankcs/HanLP,24976755,23,44,38,2015-2-12,2017-10-22,980
andreamazz/AMPopTip,21659615,22,54,37,2014-8-23,2017-10-19,1151
thephpleague/fractal,14732235,14,99,101,2014-1-24,2017-8-18,1299
orhanobut/logger,32610336,10,89,11,2015-3-21,2017-6-6,805
gevent/gevent,5801666,21,72,28,2013-9-14,2017-9-7,1453
facebookincubator/create-react-app,63537249,25,17,15,2016-7-22,2017-9-27,430
soffes/SAMKeychain,599070,6,100,112,2015-5-11,2016-9-27,501
lord/slate,12820537,9,138,143,2014-7-8,2017-7-17,1104
fabiolb/fabio,44397318,28,22,18,2015-11-30,2017-7-24,604
snowie2000/mactype,33294473,4,101,13,2016-8-30,2017-6-28,303
YoKeyword/Fragmentation,52344952,13,9,6,2017-7-1,2017-10-24,113
vuejs/vue,11730342,113,12,8,2013-12-7,2017-10-13,1406
Moya/Moya,23013268,33,22,20,2015-10-23,2017-10-21,728
bizz84/SwiftyStoreKit,41854508,25,15,13,2016-10-19,2017-10-16,362
gperftools/gperftools,16309670,8,99,14,2015-8-15,2017-7-9,694
ClusterM/hakchi2,78289422,12,24,18,2017-1-11,2017-10-10,269
mopidy/mopidy,447036,3,48,74,2014-5-7,2014-8-13,96
banchichen/TZImagePickerController,49194672,5,11,12,2017-7-15,2017-8-30,45
facebook/hhvm,455600,1,None,None,2016-9-28,2016-9-28,0
laravel/framework,7548986,26,8,7,2017-3-24,2017-10-25,211
mobileplayer/mobileplayer-ios,34410518,9,46,45,2015-10-2,2016-10-12,375
walkor/Workerman,15020102,33,29,23,2015-1-31,2017-8-23,932
CMB2/CMB2,23156260,15,66,56,2015-2-2,2017-8-22,930
robb/Cartography,20940824,13,84,12,2015-1-3,2017-10-18,1015
dotnet/cli,43568107,15,36,41,2016-5-16,2017-10-12,511
360Controller/360Controller,13163423,17,81,44,2013-9-30,2017-4-18,1298
binux/pyspider,17066884,12,100,64,2014-3-9,2017-3-18,1104
minetest/minetest,2168780,9,161,182,2013-11-24,2017-6-3,1289
numenta/nupic,9252533,33,30,20,2015-1-13,2017-9-13,970
go-gitea/gitea,72495579,14,26,18,2016-11-17,2017-10-26,344
eclipse/che,32935745,10,55,25,2016-3-2,2017-7-19,502
storybooks/storybook,54173593,19,28,7,2016-5-25,2017-10-20,510
Yalantis/Koloda,38444110,6,108,102,2016-4-4,2017-10-3,544
PrestaShop/PrestaShop,6763587,43,34,24,2013-10-18,2017-10-24,1466
saltstack/salt,1390248,40,33,25,2014-3-19,2017-10-9,1295
restic/restic,19205896,14,56,32,2015-9-14,2017-9-20,736
CVCalendar/CVCalendar,28043506,18,58,55,2015-1-3,2017-9-29,996
activemerchant/active_merchant,18294,16,76,28,2014-8-29,2017-10-24,1150
FormidableLabs/webpack-dashboard,65678789,4,140,160,2016-8-18,2017-10-13,420
Glimpse/Glimpse,1297957,14,36,33,2013-7-5,2014-10-29,479
shazow/ssh-chat,27796175,6,59,9,2016-7-17,2017-5-11,299
s3fs-fuse/s3fs-fuse,14627445,8,180,146,2013-11-29,2017-5-13,1264
scalikejdbc/scalikejdbc,2801094,26,48,35,2014-6-4,2017-9-19,1200
callemall/material-ui,23083156,96,11,10,2014-11-5,2017-10-23,1083
jiahaog/nativefier,38558578,11,56,22,2016-1-18,2017-8-10,567
jonas/tig,140656,5,130,143,2016-4-23,2017-9-29,521
sparkle-project/Sparkle,274782,21,57,42,2014-6-28,2017-8-14,1141
Hearst-DD/ObjectMapper,25310522,38,26,17,2015-1-23,2017-9-19,966
nicolargo/glances,2909429,13,63,53,2015-7-21,2017-8-27,766
ServiceStack/ServiceStack.Redis,1340226,37,40,33,2013-9-12,2017-9-6,1454
malcommac/SwiftDate,35143711,18,51,23,2015-6-6,2017-10-26,870
BootstrapCMS/CMS,11535888,10,46,33,2014-1-23,2015-3-15,417
bbatsov/rubocop,4095287,47,28,23,2014-3-13,2017-10-18,1310
HanSon/vbot,75820892,24,8,5,2017-1-18,2017-7-23,185
nvbn/thefuck,33614304,7,31,30,2017-4-10,2017-10-16,186
tmux/tmux,36836475,7,135,168,2015-6-4,2017-8-29,815
Cocoanetics/DTCoreText,1238201,13,118,135,2013-10-4,2017-8-28,1424
HandBrake/HandBrake,41215835,10,65,35,2015-10-4,2017-5-14,590
uber-go/zap,52034309,13,18,16,2017-2-14,2017-9-25,221
clojure/clojurescript,2080922,40,24,16,2015-3-7,2017-10-3,936
impress/impress.js,3065454,2,49,49,2016-5-14,2016-7-3,49
uNetworking/uWebSockets,54360307,25,20,10,2016-4-6,2017-8-10,489
reactjs/redux,36535156,25,32,12,2015-6-2,2017-7-13,771
Flipboard/FLAnimatedImage,19951534,5,166,70,2015-12-1,2017-9-25,664
Radarr/Radarr,77323220,21,14,8,2016-12-28,2017-10-9,286
syncthing/syncthing,14712850,55,9,11,2016-5-14,2017-10-28,529
amazeui/amazeui,22607013,23,31,23,2014-9-27,2016-8-17,690
Blankj/AndroidUtilCode,64558143,24,18,15,2016-8-16,2017-10-25,434
notepad-plus-plus/notepad-plus-plus,33014811,28,29,24,2015-6-12,2017-8-30,808
SwiftKickMobile/SwiftMessages,65219683,16,24,17,2016-9-20,2017-9-21,366
godotengine/godot,15634981,10,109,80,2014-12-17,2017-8-27,985
owner888/phpspider,40277672,5,17,32,2017-8-5,2017-10-16,71
openzipkin/zipkin,4576305,29,53,17,2013-8-27,2017-10-11,1504
telly/TLYShyNavBar,20849184,4,70,24,2015-10-21,2016-5-16,210
hyperoslo/Whisper,43437554,10,74,63,2015-12-16,2017-10-18,672
rancher/os,28796010,78,12,8,2015-2-9,2017-9-4,935
OpenRCT2/OpenRCT2,18348651,10,108,93,2014-12-7,2017-8-9,977
nunit/nunit,13692183,25,46,45,2014-8-8,2017-8-28,1115
vmg/redcarpet,1523106,11,126,120,2013-7-9,2016-12-25,1261
PHPMailer/PHPMailer,2253830,18,71,32,2014-5-14,2017-9-14,1215
ricochet-im/ricochet,762837,9,119,148,2014-3-23,2016-11-7,954
ctran/annotate_models,1462,10,132,71,2014-2-26,2017-6-2,1191
chriskacerguis/codeigniter-restserver,230589,8,190,216,2014-1-23,2017-9-23,1335
google/guice,20275545,4,236,219,2014-7-8,2016-6-17,709
woocommerce/woocommerce,2179920,78,14,9,2014-9-10,2017-10-11,1126
thumbor/thumbor,1488139,57,24,13,2013-7-6,2017-4-10,1374
Accelerider/BaiduPanDownloadWinform,70128945,6,9,8,2016-11-10,2016-12-27,47
cwRichardKim/RKNotificationHub,24688259,7,78,51,2014-12-23,2016-4-1,468
airbnb/lottie-ios,70198664,10,23,9,2017-1-28,2017-8-28,210
git-tfs/git-tfs,252774,21,84,55,2013-2-19,2017-10-10,1691
lingochamp/FileDownloader,48427914,42,15,11,2016-1-17,2017-10-12,630
SteamRE/SteamKit,10376425,24,67,30,2013-7-10,2017-10-14,1554
octokit/octokit.rb,417862,34,41,21,2013-7-3,2017-4-5,1372
wallabag/wallabag,9193949,43,29,22,2013-12-23,2017-5-18,1245
squizlabs/PHP_CodeSniffer,2699935,36,44,43,2013-7-2,2017-10-16,1564
coreos/clair,46140633,13,48,31,2015-11-13,2017-6-20,587
ViccAlexander/Chameleon,22282353,8,69,47,2015-6-1,2016-10-5,489
channelcat/sanic,59720190,13,23,16,2016-10-23,2017-8-3,285
mesosphere/marathon,10941409,91,15,9,2013-11-23,2017-10-19,1426
legomushroom/mojs,21234201,13,73,29,2015-4-1,2017-8-30,879
lihaoyi/Ammonite,29178282,38,21,14,2015-8-5,2017-10-24,809
hyperoslo/ImagePicker,40171919,9,79,69,2016-1-5,2017-10-9,639
fibjs/fibjs,19540706,18,26,9,2016-8-2,2017-10-27,450
abraham/twitteroauth,128818,17,55,29,2015-1-15,2017-6-30,895
AlDanial/cloc,42029482,6,146,142,2015-9-7,2017-9-8,731
dropbox/pyston,18320947,7,145,168,2014-9-11,2017-1-31,875
gabrielemariotti/cardslib,12984746,11,30,37,2014-1-7,2014-11-12,305
bundler/bundler,488514,2,7,7,2017-8-28,2017-9-5,7
naptha/tesseract.js,37958358,3,5,6,2016-10-8,2016-10-18,10
Kong/kong,26783295,33,27,21,2015-6-5,2017-10-25,870
postcss/autoprefixer,8768406,51,31,18,2013-7-16,2017-10-21,1555
google/flatbuffers,19953044,12,99,100,2014-6-17,2017-6-20,1098
pedestal/pedestal,8560576,10,165,192,2013-8-31,2017-10-3,1492
thoughtbot/clearance,56125,6,78,67,2015-9-11,2016-10-6,390
matryer/bitbar,14376285,23,45,12,2013-11-25,2016-8-30,1010
typecho/typecho,11467667,7,237,171,2013-11-30,2017-10-26,1426
bazelbuild/bazel,20773773,28,28,25,2015-9-10,2017-10-18,768
pandas-dev/pandas,858127,33,43,31,2014-1-16,2017-10-27,1376
mgp25/Chat-API,24518232,10,38,28,2015-7-19,2016-7-2,348
hawkthorne/hawkthorne-journey,4383030,6,143,77,2013-11-14,2015-11-3,719
activerecord-hackery/ransack,1548802,14,78,30,2014-8-23,2017-6-12,1024
babel/babel,24560307,59,11,8,2015-12-4,2017-10-15,681
olefredrik/FoundationPress,14964923,27,30,17,2015-8-5,2017-10-11,796
davisking/dlib,16331291,7,138,146,2015-6-6,2017-9-17,831
soimort/you-get,5483330,64,24,16,2013-7-3,2017-10-13,1560
adobe-fonts/source-code-pro,5362524,6,294,349,2013-8-4,2017-8-18,1474
tensorflow/tensorflow,45717250,38,16,13,2016-2-16,2017-10-23,612
sympy/sympy,640534,17,92,13,2013-7-7,2017-7-27,1480
Instagram/IGListKit,67588512,6,64,57,2016-10-12,2017-8-31,324
FFmpeg/FFmpeg,1614410,7,84,51,2014-9-30,2016-2-15,505
path/FastImageCache,12283195,4,277,155,2013-10-23,2016-1-30,832
git-up/GitUp,40638363,16,51,20,2015-8-18,2017-9-26,768
roundcube/roundcubemail,4224042,29,49,60,2013-11-30,2017-9-10,1380
go-chi/chi,44344606,7,72,83,2016-8-2,2017-10-10,433
WP-API/WP-API,10420996,22,41,20,2014-5-25,2016-10-8,863
gliderlabs/logspout,19748680,6,190,118,2015-2-12,2017-9-23,951
apache/incubator-superset,39464018,7,94,47,2016-3-11,2017-10-3,567
acaudwell/Gource,303762,6,247,157,2014-4-14,2017-9-8,1239
urfave/cli,11393110,6,40,49,2016-4-30,2016-11-22,202
spatie/laravel-backup,30915528,75,13,8,2015-2-18,2017-10-14,966
adobe/brackets,2935735,47,29,14,2013-12-21,2017-9-25,1374
CoderMJLee/MJRefresh,20106153,9,108,16,2015-6-14,2017-10-28,864
Reactive-Extensions/Rx.NET,12576526,6,224,105,2014-4-29,2017-5-27,1123
Particular/NServiceBus,1056713,75,20,14,2013-8-19,2017-10-26,1527
Thomvis/BrightFutures,20614919,28,40,26,2014-10-14,2017-9-30,1081
OptiKey/OptiKey,21836148,50,20,9,2015-1-19,2017-10-26,1007
vikmeup/SCLAlertView-Swift,20557685,22,40,34,2014-6-6,2016-10-11,855
bjorn/tiled,1418150,31,50,28,2013-7-5,2017-8-29,1514
rqlite/rqlite,23247808,26,22,19,2016-4-9,2017-10-19,555
dompdf/dompdf,6660366,9,186,211,2013-8-16,2017-9-20,1494
elastic/beats,16554739,62,20,14,2014-5-4,2017-10-10,1251
dotnet/orleans,28232663,33,30,31,2015-2-6,2017-10-26,990
chiahsien/CHTCollectionViewWaterfallLayout,6807826,10,138,111,2014-4-2,2017-9-5,1248
oguzhaninan/Stacer,72979287,8,41,37,2016-11-6,2017-8-23,292
duckduckgo/duckduckgo,1267640,22,56,55,2014-6-2,2017-9-5,1188
Kapeli/Dash-iOS,73007219,6,66,49,2016-11-16,2017-10-15,334
ory/hydra,36071697,43,12,7,2016-5-29,2017-10-26,512
xupefei/Locale-Emulator,8835057,25,53,36,2013-12-20,2017-7-4,1294
yiisoft/yii,3451238,6,279,323,2013-8-12,2017-6-8,1396
equinusocio/material-theme,36674234,58,15,9,2015-6-2,2017-10-19,867
geeeeeeeeek/WeChatLuckyMoney,43443499,13,40,22,2015-10-5,2017-1-27,482
fog/fog,203666,16,84,40,2014-4-3,2017-9-29,1271
fitztrev/shuttle,11328213,12,108,84,2013-7-11,2016-10-18,1192
quilljs/quill,5239185,63,20,12,2014-5-7,2017-10-9,1247
BBC-News/wraith,7777332,19,62,64,2014-2-9,2017-3-15,1131
twitter/summingbird,5957708,20,53,24,2013-9-12,2016-6-23,1016
jaredpar/VsVim,388860,6,195,126,2014-10-18,2017-6-19,976
phusion/baseimage-docker,14329321,3,28,36,2017-3-21,2017-5-17,56
mitmproxy/mitmproxy,519832,16,89,55,2013-8-24,2017-4-28,1344
QuantConnect/Lean,27251463,8,133,97,2015-1-12,2017-8-8,936
permissions-dispatcher/PermissionsDispatcher,40786751,22,36,23,2015-8-16,2017-9-15,759
hashcat/hashcat,47409672,8,69,57,2016-6-29,2017-10-27,483
facebook/stetho,29703871,11,78,92,2015-2-18,2017-4-13,785
zyedidia/micro,53632140,15,30,30,2016-8-27,2017-10-29,427
bblanchon/ArduinoJson,15802263,59,23,16,2014-2-17,2017-10-17,1335
redux-saga/redux-saga,47071941,32,22,11,2015-12-2,2017-10-16,684
commercialhaskell/stack,34817922,26,34,21,2015-6-9,2017-10-22,863
rey5137/material,27764811,6,85,66,2015-4-1,2016-6-2,426
shadowsocks/shadowsocks-go,6486840,6,257,259,2013-7-12,2017-1-19,1287
ViewDeck/ViewDeck,2915478,7,69,40,2015-11-8,2016-12-29,416
akka/reactive-kafka,28635588,19,27,32,2015-1-7,2016-5-12,490
FreeRDP/FreeRDP,1979797,2,1461,1461,2013-7-23,2017-7-24,1461
thephpleague/flysystem,13899674,10,14,10,2013-11-16,2014-3-23,132
koreader/koreader,8986217,107,12,6,2014-3-11,2017-10-23,1317
julianshapiro/velocity,18611173,10,116,31,2014-5-6,2017-3-18,1047
outworkers/phantom,14509195,40,33,16,2014-3-8,2017-10-8,1305
CorsixTH/CorsixTH,12363387,15,69,14,2013-9-27,2016-5-29,977
libretro/RetroArch,689344,14,58,38,2015-7-15,2017-8-17,762
fatih/vim-go,18062944,21,50,55,2014-12-29,2017-10-3,1009
apl-devs/AppIntro,36814724,7,120,118,2015-8-4,2017-7-29,725
octalmage/robotjs,23515024,20,41,20,2015-2-4,2017-3-26,782
tymondesigns/jwt-auth,23680678,28,40,28,2014-9-10,2017-8-31,1086
udacity/self-driving-car-sim,81283552,10,7,7,2017-5-4,2017-7-11,67
bosun-monitor/bosun,14410778,18,44,16,2015-3-10,2017-3-31,751
koral--/android-gif-drawable,7905539,38,38,38,2013-10-3,2017-8-15,1412
robjhyndman/forecast,4107955,18,73,54,2013-9-27,2017-2-23,1246
shadowsocks/ChinaDNS,22201118,16,24,11,2014-7-29,2015-8-5,371
Squirrel/Squirrel.Windows,22338518,38,28,21,2014-9-29,2017-8-4,1040
aspnetboilerplate/aspnetboilerplate,12201538,102,12,8,2014-5-4,2017-10-17,1258
google/auto,10230369,13,41,36,2016-6-10,2017-10-18,493
kaminari/kaminari,1333863,8,202,131,2013-12-3,2017-10-21,1418
begriffs/postgrest,20787122,18,48,26,2015-5-26,2017-9-6,830
coleifer/peewee,979480,32,50,33,2013-7-3,2017-10-8,1555
Orderella/PopupDialog,61743960,15,33,9,2016-6-23,2017-9-30,462
vmware/harbor,50613991,23,26,13,2016-3-11,2017-10-20,584
ninjaprox/NVActivityIndicatorView,39452201,27,30,20,2015-7-28,2017-9-21,783
aws/aws-sdk-ruby,2050163,175,5,5,2015-2-5,2017-10-26,991
AliSoftware/OHHTTPStubs,4975026,24,55,36,2013-10-10,2017-4-4,1274
robertdavidgraham/masscan,11715753,6,272,44,2013-9-13,2017-6-6,1363
hadley/devtools,643909,16,90,77,2013-11-20,2017-8-2,1352
ValveSoftware/openvr,34289265,30,29,26,2015-4-30,2017-9-1,851
PHPOffice/PHPWord,4242230,9,112,38,2014-2-12,2016-7-31,899
WhisperSystems/Signal-iOS,19429698,15,35,22,2014-7-23,2015-11-29,491
HangfireIO/Hangfire,11920542,58,24,18,2013-11-10,2017-9-19,1409
grafana/grafana,15111821,63,22,13,2014-1-19,2017-10-27,1373
wagtail/wagtail,16479108,58,22,16,2014-3-11,2017-10-16,1310
marmelroy/PhoneNumberKit,43208710,21,34,32,2015-10-27,2017-9-19,692
docker/swarm,19360616,28,26,12,2015-8-7,2017-7-10,703
Seldaek/monolog,1376664,22,67,40,2013-7-28,2017-6-19,1421
Semantic-Org/Semantic-UI,9309093,87,16,7,2013-9-26,2017-8-7,1411
xbmc/xbmc,1217614,74,20,14,2013-9-30,2017-10-23,1483
mileszs/ack.vim,111336,2,337,337,2015-2-20,2016-1-22,337
kohsuke/winsw,500093,9,26,26,2016-12-9,2017-7-8,214
carrierwaveuploader/carrierwave,47087,2,235,235,2013-7-6,2014-2-26,235
grpc/grpc,27729880,39,25,18,2015-2-26,2017-10-19,963
KrauseFx/TSMessages,9421282,5,77,74,2014-3-10,2015-1-14,309
spatie/laravel-permission,42480275,37,21,17,2015-9-15,2017-10-26,771
finagle/finch,18798826,32,37,38,2014-7-17,2017-10-8,1176
adam-p/markdown-here,4311796,8,132,47,2014-11-11,2017-5-26,930
composer/composer,1864363,29,54,23,2013-7-3,2017-9-11,1528
apple/swift,44838949,3,28,37,2016-8-15,2016-10-11,56
twitter/algebird,5275507,21,76,68,2013-7-17,2017-10-4,1537
typelevel/cats,29986727,12,57,54,2015-11-12,2017-8-3,631
tonsky/FiraCode,26500787,12,65,42,2014-11-11,2016-11-5,724
systemd/systemd,32873313,3,102,120,2017-3-12,2017-10-6,204
icsharpcode/ILSpy,1327739,8,172,124,2014-6-29,2017-10-23,1209
facebook/zstd,29759715,36,22,16,2015-8-25,2017-10-9,774
AFNetworking/AFNetworking,1828795,25,40,24,2013-8-2,2016-3-31,974
Respect/Validation,931033,10,96,64,2013-12-10,2016-4-24,869
Microsoft/cpprestsdk,23202799,5,175,234,2015-11-20,2017-10-21,701
piwik/piwik,1548202,173,8,6,2013-11-22,2017-10-10,1418
OpenRefine/OpenRefine,6220644,9,178,105,2013-7-24,2017-6-18,1424
Tencent/tinker,67481986,11,32,25,2016-9-24,2017-8-14,325
rspec/rspec-rails,447184,4,75,54,2013-7-7,2014-2-18,226
socketio/socket.io-client-swift,31617364,77,12,10,2015-3-8,2017-10-4,936
google/google-api-php-client,12166778,27,48,37,2014-1-22,2017-7-10,1263
zhuhaow/NEKit,58266220,15,24,11,2016-8-10,2017-7-13,338
typcn/bilibili-mac-client,33155818,47,19,11,2015-4-1,2017-10-8,917
ReactiveKit/Bond,30039066,65,15,8,2015-2-1,2017-10-16,985
nghttp2/nghttp2,11452676,74,19,16,2013-10-28,2017-10-25,1457
nanomsg/nanomsg,6154315,9,102,23,2015-7-22,2017-10-18,816
Quick/Quick,20506004,16,60,54,2015-3-31,2017-9-28,907
caskroom/homebrew-cask,3623050,62,14,9,2013-7-22,2016-1-11,904
iBotPeaches/Apktool,3766706,5,86,99,2016-10-18,2017-9-28,345
ampproject/amphtml,41766002,130,5,5,2015-11-19,2017-10-24,705
nextcloud/server,60243197,12,27,14,2016-6-14,2017-4-10,301
bitly/oauth2_proxy,7209439,7,149,135,2014-11-10,2017-4-24,899
jasmine/jasmine,84009,20,73,32,2013-10-30,2017-8-24,1394
tootsuite/mastodon,52281283,23,11,7,2017-2-5,2017-10-17,252
balderdashy/sails,3757512,21,59,23,2013-12-16,2017-3-6,1180
citusdata/citus,50874442,23,25,19,2016-3-24,2017-10-16,567
neuecc/UniRx,17941520,17,51,37,2014-7-1,2016-9-30,819
RaRe-Technologies/gensim,1349775,17,44,39,2015-11-5,2017-10-12,707
JamesNK/Newtonsoft.Json,3476845,11,96,76,2014-11-3,2017-6-18,960
getsentry/sentry,873328,37,22,25,2015-7-28,2017-10-10,802
opencontainers/runc,36960321,10,67,38,2015-12-11,2017-8-10,609
sbt/sbt-native-packager,3016640,48,26,19,2014-5-22,2017-10-23,1246
exvim/main,17713904,7,61,39,2014-4-14,2015-4-17,368
akavache/Akavache,2896461,17,83,38,2013-3-5,2016-11-4,1334
http4s/http4s,3692188,1,None,None,2017-10-4,2017-10-4,0
tsenart/vegeta,12080551,30,39,20,2014-1-17,2017-3-19,1157
Atlantic18/DoctrineExtensions,885517,17,38,22,2016-1-27,2017-10-12,620
juliangarnier/anime,53809090,9,56,61,2016-6-29,2017-9-25,451
danielgindi/Charts,32578467,21,44,27,2015-4-8,2017-9-21,893
hexojs/hexo,5923215,43,37,18,2013-7-3,2017-10-29,1576
fmtlib/fmt,7056202,14,87,50,2014-5-13,2017-6-27,1139
yarnpkg/yarn,49970642,53,9,7,2016-6-17,2017-10-12,480
BoltsFramework/Bolts-ObjC,16368651,17,55,48,2014-1-31,2016-7-14,893
ninject/Ninject,145356,5,7,9,2017-9-23,2017-10-22,29
weaveworks/weave,23059575,50,20,15,2014-12-30,2017-10-10,1015
emojione/emojione,23393132,31,35,18,2014-9-4,2017-8-8,1069
octokit/octokit.net,7528679,44,33,17,2013-10-30,2017-10-7,1437
serilog/serilog,8198511,7,58,36,2016-7-4,2017-6-21,352
numpy/numpy,908607,11,31,30,2016-11-17,2017-9-28,316
ianyh/Amethyst,10115880,16,52,36,2014-10-1,2016-11-28,787
z-song/laravel-admin,48796179,10,36,24,2016-12-6,2017-10-26,325
TryGhost/Ghost,9852918,86,17,8,2013-10-15,2017-10-24,1469
coreybutler/nvm-windows,24268127,11,102,44,2014-9-24,2017-7-15,1026
h2o/h2o,23029617,45,22,13,2015-2-18,2017-10-19,971
open-source-parsers/jsoncpp,21530861,27,37,14,2015-1-6,2017-8-30,964
Netflix/dynomite,13484625,9,121,82,2015-2-10,2017-10-12,972
alvarotrigo/fullPage.js,12972263,48,28,19,2014-2-25,2017-10-25,1335
IdentityServer/IdentityServer3,15714062,33,34,21,2014-7-31,2017-8-7,1101
mamedev/mame,14303048,31,29,28,2015-5-18,2017-10-25,887
IdentityServer/IdentityServer4,46652227,20,21,14,2016-9-6,2017-10-26,415
MagicStack/uvloop,45766550,22,24,8,2016-4-15,2017-9-12,512
duplicati/duplicati,22636263,59,9,8,2016-3-17,2017-10-20,578
schollz/find,44634390,9,84,94,2015-11-18,2017-9-26,678
r-lib/httr,2756403,11,124,130,2014-3-20,2017-8-21,1246
roots/sage,1305114,25,60,48,2013-8-23,2017-8-18,1455
zfsonlinux/zfs,437011,24,40,26,2015-4-9,2017-10-19,920
ReactiveX/RxAndroid,23095954,11,77,64,2014-10-1,2016-11-12,771
bcosca/fatfree,3566571,11,135,138,2013-10-13,2017-6-26,1353
openshift/origin,22442668,53,20,18,2014-12-19,2017-10-25,1041
rstudio/sparklyr,59305491,11,35,34,2016-9-24,2017-9-18,359
linnovate/mean,10219106,11,100,55,2014-5-1,2017-2-2,1006
git-lfs/git-lfs,13021798,52,22,19,2014-8-21,2017-10-18,1152
glfw/glfw,9524997,6,104,65,2015-3-10,2016-8-18,523
lostisland/faraday,417389,15,111,56,2013-5-13,2017-8-18,1555
mozilla/rr,2269868,10,76,75,2015-10-22,2017-9-7,685
wkhtmltopdf/wkhtmltopdf,271714,13,84,73,2014-2-6,2016-11-22,1016
Varying-Vagrant-Vagrants/VVV,7123799,6,221,251,2014-3-2,2017-3-13,1106
kubernetes/minikube,56353740,30,17,17,2016-5-30,2017-10-26,511
itinance/react-native-fs,35291446,10,58,54,2016-4-29,2017-10-6,522
xmartlabs/XLForm,18581578,12,110,98,2014-6-23,2017-10-26,1218
emezeske/lein-cljsbuild,3067051,7,108,111,2015-11-7,2017-8-18,651
philsquared/Catch,1062572,22,39,15,2015-6-30,2017-10-12,832
visionmedia/superagent,1607357,27,26,15,2015-12-3,2017-10-19,686
facebook/fresco,31533997,27,33,25,2015-3-28,2017-8-10,862
rengwuxian/MaterialEditText,25965034,15,15,6,2014-11-3,2015-6-4,216
bhauman/lein-figwheel,18901345,19,56,23,2014-12-19,2017-10-2,1018
trello/RxLifecycle,39385621,14,59,44,2015-7-23,2017-9-7,774
sequelize/sequelize,790359,60,20,7,2014-7-8,2017-10-27,1204
mpv-player/mpv,6201092,64,23,16,2013-8-7,2017-9-13,1496
darknessomi/musicbox,22628919,7,39,21,2016-10-13,2017-6-3,235
baidu/bfs,26562172,13,32,21,2016-2-5,2017-3-3,393
gsdios/SDAutoLayout,44443578,14,46,24,2015-11-17,2017-7-17,610
foundweekends/giter8,827985,5,99,91,2016-8-23,2017-9-24,396
pinterest/PINRemoteImage,39537103,25,33,24,2015-7-23,2017-10-9,806
Caliburn-Micro/Caliburn.Micro,16412440,14,100,94,2014-2-19,2017-9-17,1303
paulcbetts/refit,11591313,11,147,78,2013-7-30,2017-8-15,1475
libgit2/rugged,901663,6,95,67,2014-11-17,2016-3-4,477
kataras/iris,50709152,13,30,14,2016-10-31,2017-10-26,360
VincentGarreau/particles.js,23736449,4,60,4,2014-11-12,2015-5-9,182
monicahq/monica,82238168,10,12,6,2017-6-27,2017-10-22,115
jedisct1/dnscrypt-proxy,4776767,15,70,37,2014-8-19,2017-5-6,992
aspnet/KestrelHttpServer,20344662,22,52,42,2014-8-17,2017-8-14,1092
spotify/luigi,5888353,22,58,40,2014-5-17,2017-10-5,1233
w0rp/ale,67747748,12,33,25,2016-10-19,2017-10-23,369
lhc70000/iina,76838017,14,22,9,2017-1-3,2017-10-24,291
mozilla/pdf.js,1663468,24,56,50,2014-4-10,2017-10-27,1292
tidyverse/tidyr,20688261,13,98,106,2014-7-22,2017-10-17,1180
nsqio/nsq,4307108,18,80,69,2013-7-2,2017-3-22,1360
Qihoo360/Atlas,15279980,7,86,73,2013-12-18,2015-5-19,521
buaazp/zimg,11102909,6,27,11,2014-4-19,2014-9-8,139
bigdatagenomics/adam,14541530,23,52,34,2014-2-12,2017-4-11,1154
Wox-launcher/Wox,15315789,19,62,43,2014-3-15,2017-4-6,1116
overtrue/pinyin,21882528,27,41,31,2014-7-16,2017-7-10,1089
etsy/AndroidStaggeredGrid,15057216,7,106,45,2013-12-27,2015-9-23,636
yabwe/medium-editor,10365411,96,14,7,2013-10-6,2017-8-2,1396
rubinius/rubinius,27,88,16,7,2013-11-16,2017-9-27,1411
naver/pinpoint,25459400,14,63,50,2015-3-3,2017-6-2,819
kint-php/kint,4351207,17,92,21,2013-8-12,2017-9-6,1484
mobile-shell/mosh,1234783,9,187,79,2013-6-10,2017-7-20,1500
YOURLS/YOURLS,5508585,4,466,516,2013-7-2,2017-5-1,1399
googlei18n/libphonenumber,27500243,29,25,14,2015-11-12,2017-10-17,705
sampotts/plyr,30794868,30,30,14,2015-5-17,2017-10-15,878
grpc-ecosystem/grpc-gateway,33352201,5,70,16,2016-7-11,2017-4-17,281
xunit/xunit,9891249,9,63,35,2014-5-1,2015-9-27,511
ketoo/NoahGameFrame,19843809,12,46,28,2016-5-17,2017-10-12,510
akkadotnet/akka.net,15509440,20,51,50,2015-2-12,2017-10-21,979
gradle/gradle,302322,40,12,7,2016-6-9,2017-10-24,500
IBM-Swift/Kitura,51308720,23,27,19,2016-2-22,2017-10-27,610
mattdonnelly/Swifter,20619775,18,70,25,2014-6-14,2017-10-1,1202
go-lang-plugin-org/go-lang-idea-plugin,869754,21,24,21,2014-12-5,2016-4-12,497
istio/istio,74175805,11,16,14,2017-5-10,2017-10-25,165
akka/akka-http,66077955,9,35,38,2016-11-22,2017-8-31,284
phpro/grumphp,32482750,35,26,23,2015-3-19,2017-9-1,892
gin-gonic/gin,20904437,4,256,214,2015-5-22,2017-7-2,770
littlecodersh/ItChat,49935814,13,19,9,2016-11-25,2017-7-16,236
flarum/core,28257573,7,115,149,2015-8-27,2017-7-22,695
Azure/DotNetty,35290377,7,37,18,2016-4-12,2016-11-25,223
accord-net/framework,3964514,13,125,105,2013-9-7,2017-10-19,1502
assimp/assimp,648332,8,168,32,2014-5-4,2017-7-28,1179
nate-parrott/Flashlight,26103342,25,7,6,2014-11-4,2015-5-4,185
twitter/finatra,3465312,33,48,41,2013-7-21,2017-10-27,1556
SignalR/SignalR,2087064,16,93,39,2013-7-2,2017-5-4,1402
XX-net/XX-Net,29290473,92,11,5,2015-1-16,2017-10-26,1010
uglide/RedisDesktopManager,11892946,33,45,12,2013-9-26,2017-9-22,1456
sqlitebrowser/sqlitebrowser,19416551,18,72,40,2014-5-7,2017-9-20,1228
TechEmpower/FrameworkBenchmarks,8957264,6,258,226,2013-10-31,2017-5-11,1290
macvim-dev/macvim,5641441,56,27,13,2013-9-6,2017-10-20,1504
mautic/mautic,12204147,44,23,20,2015-2-6,2017-10-26,990
scalatest/scalatest,9283927,8,139,143,2015-1-29,2017-10-6,977
baldurk/renderdoc,17253131,17,67,75,2014-8-25,2017-8-14,1084
DianQK/TransitionTreasury,48093563,12,23,7,2015-12-30,2016-9-15,260
facebook/react,10270250,33,48,41,2013-7-2,2017-9-26,1544
techtalk/SpecFlow,346594,5,81,74,2016-10-21,2017-9-12,326
mamaral/Onboard,23092866,13,61,49,2014-9-13,2016-9-24,741
Bilibili/flv.js,58623321,7,50,55,2016-11-1,2017-9-1,305
amlcurran/ShowcaseView,5417266,10,105,61,2013-9-2,2016-4-4,947
Homebrew/brew,53238813,33,12,12,2016-9-21,2017-10-18,392
yihui/knitr,2594513,16,78,82,2014-5-25,2017-8-10,1170
MacDownApp/macdown,21089071,24,45,31,2014-6-22,2017-5-12,1055
micro/micro,29371034,7,19,18,2017-6-12,2017-10-6,114
bobthecow/mustache.php,569670,10,158,134,2013-8-13,2017-7-11,1428
xtaci/kcptun,52595226,37,13,7,2016-6-7,2017-10-21,499
twitter/util,1527969,16,39,41,2016-3-8,2017-10-27,594
bitcoin/bitcoin,1181927,7,53,65,2016-11-1,2017-9-19,323
mozilla-mobile/firefox-ios,26133979,6,189,57,2015-2-18,2017-9-26,948
mybatis/mybatis-3,8205602,13,115,94,2013-11-8,2017-8-20,1382
zeromq/netmq,6521142,5,140,191,2016-2-20,2017-9-6,561
ant0ine/go-json-rest,8282363,15,71,56,2014-2-27,2016-12-4,1007
PowerShell/PowerShell,49609581,27,23,22,2016-2-24,2017-10-25,606
sebastianbergmann/phpunit,448045,10,26,24,2013-7-4,2014-2-25,236
jp9000/OBS,5793110,36,32,19,2013-8-2,2016-8-31,1124
Maximus5/ConEmu,2857373,131,11,6,2013-11-10,2017-10-26,1446
npm/npm,321278,146,9,7,2013-12-16,2017-10-4,1388
labstack/echo,31504491,32,28,9,2015-4-1,2017-8-23,872
catfan/Medoo,9114826,16,76,67,2014-5-7,2017-6-24,1142
phan/phan,44751102,15,49,43,2015-12-3,2017-10-21,688
alcatraz/Alcatraz,9603714,24,40,28,2014-3-3,2016-10-3,940
shadowsocks/shadowsocks-windows,7600409,25,33,16,2015-6-28,2017-9-9,801
rocketeers/rocketeer,10866815,26,50,22,2013-7-3,2016-12-31,1273
gabime/spdlog,26038648,6,76,40,2016-7-31,2017-8-19,383
tristanhimmelman/AlamofireObjectMapper,34856963,23,40,37,2015-4-30,2017-10-1,881
select2/select2,3620194,15,72,34,2015-1-9,2017-10-25,1016
google/agera,48175620,12,33,31,2016-4-24,2017-4-24,365
dropwizard/metrics,537800,8,157,32,2014-9-8,2017-9-15,1102
zurb/foundation-sites,2573058,46,30,19,2013-11-22,2017-8-18,1366
aws/aws-sdk-php,6269013,216,6,6,2013-11-14,2017-10-26,1442
SwipeCellKit/SwipeCellKit,80831537,11,24,14,2017-2-5,2017-10-6,241
chrislusf/seaweedfs,21827146,6,153,69,2015-4-21,2017-5-28,767
bridgedotnet/Bridge,15860426,43,22,14,2015-3-24,2017-10-18,934
scala-native/scala-native,27235687,5,32,39,2017-4-26,2017-9-7,131
WebDevStudios/Custom-Metaboxes-and-Fields-for-WordPress,1394574,6,31,29,2013-12-3,2014-5-3,155
nodemcu/nodemcu-firmware,26917568,16,59,59,2015-3-5,2017-8-24,899
Masterminds/glide,21641241,29,39,14,2014-9-19,2017-9-28,1104
snowplow/snowplow,3591964,54,29,27,2013-7-7,2017-10-10,1553
facebook/react-native,29028775,64,14,12,2015-3-27,2017-10-11,924
pagekit/pagekit,17486281,23,32,28,2015-9-10,2017-8-31,721
deis/deis,11589713,59,21,16,2013-7-30,2017-1-19,1269
ReactTraining/react-router,19872456,24,29,19,2015-11-10,2017-9-26,686
carambalabs/SugarRecord,22596493,29,34,10,2014-9-30,2017-5-8,953
Alamofire/Alamofire,22458259,35,24,16,2015-5-11,2017-9-6,845
joomla/joomla-cms,2464908,77,20,8,2013-7-18,2017-10-4,1536
gogits/gogs,16752620,46,27,14,2014-3-31,2017-8-15,1229
ramsey/uuid,4916869,22,54,35,2014-7-28,2017-9-22,1149
geocoder-php/Geocoder,2729639,23,67,31,2013-7-9,2017-8-1,1482
ReSwift/ReSwift,48027844,10,55,30,2015-12-15,2017-4-20,495
docker/machine,27494663,55,19,11,2014-12-4,2017-10-18,1049
Workiva/go-datastructures,25923208,30,26,21,2015-9-24,2017-10-26,762
MediaBrowser/Emby,8231466,106,10,7,2014-10-2,2017-10-27,1120
slackhq/SlackTextViewController,23082332,22,35,30,2014-9-26,2016-10-3,737
codemirror/CodeMirror,1254497,29,28,30,2015-8-6,2017-10-20,804
timber/timber,7413451,84,18,14,2013-7-3,2017-10-10,1557
doctrine/doctrine2,597887,20,79,35,2013-9-7,2017-10-23,1506
coteditor/CotEditor,9243402,68,19,13,2014-2-27,2017-10-22,1330
quantopian/zipline,6297520,7,101,115,2015-11-6,2017-7-5,609
sass/node-sass,4128353,57,25,16,2013-7-8,2017-5-16,1408
PureLayout/PureLayout,21109196,11,71,58,2014-6-23,2016-6-11,718
presidentbeef/brakeman,865250,30,45,44,2014-2-10,2017-9-25,1320
influxdata/telegraf,33258973,12,13,14,2017-5-31,2017-10-25,144
phalcon/cphalcon,2854337,32,41,27,2014-3-29,2017-10-21,1297
JohnCoates/Aerial,44998092,4,142,6,2015-10-26,2016-12-28,427
dbpedia/extraction-framework,8071225,5,243,373,2013-11-27,2016-7-25,973
mongodb/mongoid,309009,17,37,39,2015-12-22,2017-8-15,603
jgm/pandoc,571770,31,41,29,2013-9-15,2017-2-3,1238
prometheus/prometheus,6838921,60,16,9,2015-2-23,2017-10-24,971
loveshell/ngx_lua_waf,8968583,6,128,21,2014-4-10,2016-1-10,640
swaywm/sway,40217904,14,37,25,2016-3-24,2017-7-26,487
florent37/MaterialViewPager,34533286,8,55,24,2015-5-1,2016-5-27,391
HearthSim/Hearthstone-Deck-Tracker,20304390,96,12,8,2014-5-30,2017-10-17,1232
barryvdh/laravel-ide-helper,8678290,6,45,30,2016-12-9,2017-7-22,228
deployphp/deployer,11340559,39,29,11,2014-8-18,2017-9-4,1111
laravel/homestead,18863040,18,17,16,2016-12-16,2017-10-16,305
go-xorm/xorm,9950667,8,141,158,2014-1-2,2016-9-21,989
reactiveui/ReactiveUI,715082,36,44,25,2013-2-27,2017-5-23,1546
Lone-Coder/letsencrypt-win-simple,46080325,17,43,12,2015-11-13,2017-10-7,694
lkzhao/Hero,74697963,19,17,6,2016-12-18,2017-10-25,312
nrk/predis,364315,7,175,179,2013-7-27,2016-6-17,1055
swagger-api/swagger-core,2003641,27,60,60,2013-7-3,2017-10-17,1564
SnapKit/SnapKit,20541795,4,120,129,2016-9-20,2017-9-17,362
mail-in-a-box/mailinabox,12271469,6,182,29,2015-4-1,2017-10-3,912
xetorthio/jedis,715605,15,78,67,2013-9-3,2016-9-10,1102
FriendsOfPHP/PHP-CS-Fixer,4344257,35,25,19,2015-5-29,2017-10-2,853
phpDocumentor/phpDocumentor2,761653,17,65,46,2013-7-12,2016-5-22,1045
localForage/localForage,14003349,14,101,27,2014-3-20,2017-10-28,1313
zeit/next.js,70107786,29,12,10,2016-11-4,2017-10-28,359
facebook/rocksdb,6934395,48,26,20,2014-5-19,2017-9-28,1224
vnpy/vnpy,31522041,10,49,50,2016-7-29,2017-10-18,444
Quick/Nimble,21301381,26,41,34,2014-11-26,2017-9-27,1036
andreamazz/AMScrollingNavbar,14238862,19,68,36,2014-4-20,2017-9-15,1240
docker/compose,15045751,69,19,13,2014-3-3,2017-10-18,1320
selectize/selectize.js,5604798,17,72,39,2013-8-9,2016-10-12,1158
magicalpanda/MagicalRecord,801795,8,94,66,2014-4-8,2016-1-29,661
joeldev/JLRoutes,8129518,15,80,50,2014-3-9,2017-4-13,1129
scriptcs/scriptcs,8473240,15,66,19,2014-7-31,2017-2-22,936
FriendsOfPHP/Goutte,622166,1,None,None,2015-6-25,2015-6-25,0
apache/incubator-airflow,33884891,6,45,49,2015-8-18,2016-3-28,225
avajs/ava,26820798,23,32,22,2015-11-7,2017-10-24,717
soffes/sstoolkit,849558,1,None,None,2013-7-4,2013-7-4,0
square/leakcanary,34824499,7,90,103,2016-3-24,2017-9-22,543
zulip/zulip,43160685,4,88,120,2017-2-1,2017-10-25,264
socketio/socket.io,557980,11,38,18,2016-10-6,2017-10-22,381
ShareX/ShareX,13428264,46,30,30,2013-11-14,2017-8-14,1370
sivel/speedtest-cli,5754504,13,126,75,2013-8-20,2017-10-17,1517
thoughtbot/Argo,24349480,19,39,27,2015-2-16,2017-1-24,708
developit/preact,42283287,45,16,9,2015-11-14,2017-10-24,710
facebook/osquery,22394357,65,17,14,2014-10-16,2017-10-24,1103
Tencent/xLua,75811015,8,37,40,2017-1-3,2017-9-25,262
curl/curl,569041,23,38,48,2015-6-29,2017-10-23,844
10se1ucgo/DisableWinTracking,40093782,11,63,15,2015-8-2,2017-4-29,637
alibaba/AliSQL,64289545,6,54,57,2016-10-25,2017-7-24,274
mbleigh/acts-as-taggable-on,4828,6,220,91,2014-5-16,2017-5-21,1100
github/linguist,1725199,63,22,16,2013-12-15,2017-10-15,1400
google/leveldb,23405758,3,451,696,2014-9-15,2017-3-2,902
sbt/sbt,279553,21,62,32,2014-5-27,2017-10-27,1245
neo4j/neo4j,6650539,33,46,25,2013-9-1,2017-9-15,1474
remy/nodemon,958314,13,32,23,2015-9-12,2016-10-6,389
evil-icons/evil-icons,25975629,13,60,31,2014-11-27,2016-11-18,721
google/physical-web,24650339,16,45,19,2014-10-20,2016-9-1,681
XLabs/Xamarin-Forms-Labs,20463939,11,86,27,2014-7-2,2016-11-15,863
linkedin/LayoutKit,61237995,11,47,53,2016-6-23,2017-10-11,473
opencv/opencv,5108051,14,120,118,2013-7-4,2017-10-25,1571
google/cadvisor,20653934,35,34,25,2014-8-13,2017-10-23,1165
jessesquires/JSQMessagesViewController,8257106,21,61,32,2014-2-23,2017-7-17,1239
kubernetes/kops,62091339,22,18,15,2016-9-8,2017-10-9,396
MightyPirates/OpenComputers,14930360,81,17,9,2013-12-14,2017-10-14,1400
tweepy/tweepy,244025,7,142,191,2013-7-14,2015-11-20,856
ppy/osu,22456440,42,6,5,2017-2-12,2017-10-24,252
rethinkdb/rethinkdb,6452529,57,26,19,2013-7-2,2017-7-23,1481
twitter/scalding,3146558,16,99,74,2013-9-3,2017-9-30,1487
benoitc/gunicorn,390510,15,97,44,2013-7-3,2017-3-21,1358
Netflix/Hystrix,6766558,63,23,13,2013-8-3,2017-7-13,1440
AutoFixture/AutoFixture,4475900,21,35,18,2015-11-7,2017-10-18,711
cisco/openh264,13909573,8,159,205,2014-5-23,2017-6-16,1118
aspnet/EntityFrameworkCore,16157746,23,51,42,2014-7-8,2017-8-14,1131
MarlinFirmware/Marlin,2200856,18,59,37,2014-12-28,2017-10-10,1017
ButchersBoy/MaterialDesignInXamlToolkit,30474266,15,50,38,2015-9-29,2017-9-3,704
Hammerspoon/hammerspoon,24956772,45,24,10,2014-10-16,2017-10-16,1095
fancymax/12306ForMac,50915433,8,46,30,2016-6-15,2017-5-4,324
ashleymills/Reachability.swift,24293205,9,27,11,2015-5-2,2015-12-11,219
python-pillow/Pillow,5171600,12,66,78,2015-10-6,2017-10-9,733
mgp25/Instagram-API,46277353,15,47,37,2015-11-26,2017-9-17,661
wagerfield/parallax,11820425,6,262,76,2014-2-4,2017-9-10,1311
dennisweissmann/DeviceKit,31160078,14,51,30,2015-11-18,2017-9-21,673
EventStore/EventStore,5844474,39,40,23,2013-7-19,2017-9-28,1529
radare/radare2,4869294,22,68,42,2013-11-11,2017-10-10,1429
mstarke/MacPass,5129986,11,156,7,2013-7-3,2017-10-19,1566
vulcand/vulcand,18165661,6,20,5,2014-12-25,2015-4-1,101
thoughtbot/suspenders,666566,16,78,35,2014-6-12,2017-9-8,1181
twitter/finagle,1007362,17,68,46,2014-10-30,2017-10-27,1092
mysociety/fixmystreet,487492,27,56,40,2013-9-13,2017-9-15,1462
realm/SwiftLint,35732214,37,24,20,2015-5-18,2017-10-10,872
ratchetphp/Ratchet,4046328,8,204,226,2013-10-14,2017-9-14,1430
ethereum/go-ethereum,15452919,64,18,12,2014-7-22,2017-10-14,1177
eBay/NMessenger,65587921,6,44,14,2016-8-16,2017-3-22,221
frankiesardo/icepick,11390894,13,59,26,2013-8-13,2015-7-23,710
so-fancy/diff-so-fancy,51071818,9,63,25,2016-2-29,2017-7-19,505
opencart/opencart,2141186,14,60,25,2015-5-27,2017-7-17,780
CocoaLumberjack/CocoaLumberjack,1549138,25,59,41,2013-11-11,2017-10-3,1422
zealdocs/zeal,7711472,9,129,149,2014-11-4,2017-9-2,1033
square/sqlbrite,31001422,6,37,27,2015-8-31,2016-3-1,185
tidyverse/ggplot2,19438,6,143,81,2015-1-9,2016-12-30,716
CosmicMind/Material,41215439,95,8,5,2015-8-26,2017-10-28,792
google/protobuf,23357588,19,61,53,2014-8-28,2017-9-15,1112
paularmstrong/normalizr,23141830,17,56,40,2014-8-20,2017-2-9,904
tgalal/yowsup,6523023,13,69,35,2014-12-15,2017-3-23,833
hrydgard/ppsspp,6486826,9,117,148,2014-2-15,2016-9-17,942
phalcon/zephir,11478636,30,44,32,2014-3-25,2017-10-21,1301
kardianos/govendor,33822149,9,22,16,2016-3-23,2016-9-22,179
zeit/hyper,62367558,16,23,10,2016-10-6,2017-9-24,353
mesos/chronos,8189762,11,129,53,2013-12-17,2017-6-28,1291
ZipArchive/ZipArchive,849692,21,74,27,2013-9-7,2017-10-9,1492
cefsharp/CefSharp,1135454,47,29,21,2013-8-14,2017-4-18,1344
v2ray/v2ray-core,41912791,91,8,7,2015-9-18,2017-10-26,768
phpstan/phpstan,49014795,17,25,11,2016-7-17,2017-9-6,414
robbiehanson/CocoaAsyncSocket,2826918,9,154,139,2013-12-27,2017-5-11,1234
nylas/nylas-mail,25315643,39,12,10,2016-1-6,2017-4-27,476
ArtSabintsev/Siren,28757562,36,20,16,2015-11-10,2017-10-19,709
steipete/Aspects,19407872,1,None,None,2014-5-5,2014-5-5,0
vinc3m1/RoundedImageView,8347864,5,126,56,2015-7-13,2016-12-4,506
eliangcs/http-prompt,55584626,11,40,36,2016-9-16,2017-10-24,403
webpack/webpack,3678731,31,13,9,2016-9-19,2017-10-17,393
bobthecow/psysh,4549925,36,37,17,2014-3-9,2017-10-19,1315
noodlewerk/NWPusher,5741345,13,97,87,2014-2-9,2017-4-25,1171
jenssegers/laravel-mongodb,9131292,62,24,9,2013-8-18,2017-9-18,1490
amplab/shark,4023789,6,92,85,2013-7-22,2014-10-30,463
tsuru/tsuru,3631697,40,30,15,2014-8-6,2017-10-23,1172
symless/synergy-core,25135037,17,52,46,2014-12-3,2017-3-23,845
matplotlib/matplotlib,1385122,18,66,52,2014-8-26,2017-10-7,1136
atom/atom,3228505,180,7,6,2013-12-3,2017-10-12,1409
radiant-player/radiant-player-mac,16445562,31,34,16,2014-2-20,2016-12-19,1029
duckduckgo/zeroclickinfo-goodies,2164979,120,10,8,2014-6-3,2017-9-20,1202
coreos/etcd,11225014,91,16,12,2013-8-11,2017-10-6,1515
lecho/hellocharts-android,25114751,12,31,26,2014-10-12,2015-9-27,350
Zizaco/entrust,8067805,11,110,109,2013-10-26,2016-11-4,1103
apex/apex,48301282,20,35,28,2015-12-19,2017-10-14,665
coreos/flannel,21704134,20,52,33,2014-12-23,2017-9-22,1004
Microsoft/CNTK,46918116,27,22,18,2016-1-26,2017-9-16,595
mozilla/mozjpeg,15837676,8,164,107,2014-3-5,2017-5-1,1151
dogo/SCLAlertView,24516405,39,24,11,2014-9-29,2017-4-11,927
mortenjust/androidtool-mac,34713704,8,64,12,2015-4-28,2016-7-27,454
JetBrains/kotlin,3432266,63,24,14,2013-8-14,2017-10-26,1532
parse-community/parse-server,50603846,30,18,13,2016-5-9,2017-10-25,531
andersao/l5-repository,30713379,19,47,33,2015-6-29,2017-10-26,847
jagregory/fluent-nhibernate,126652,3,196,289,2014-9-8,2015-10-5,392
minio/minio,29261473,25,26,26,2016-2-8,2017-10-27,624
aio-libs/aiohttp,13258039,57,19,13,2014-10-16,2017-10-18,1097
tensorflow/magenta,58157629,16,21,13,2016-10-7,2017-8-25,323
bcicen/ctop,77419377,6,25,6,2017-3-7,2017-7-12,125
BVLC/caffe,12791642,10,124,61,2014-3-19,2017-4-18,1124
google/guava,20300177,10,42,21,2016-10-7,2017-10-26,384
reactjs/React.NET,17811771,12,77,42,2015-2-26,2017-7-2,856
ncw/rclone,17803236,13,56,60,2015-11-23,2017-9-30,677
mxcl/PromiseKit,18440563,19,65,16,2014-5-15,2017-8-17,1187
layervault/psd.rb,9927626,16,56,16,2013-7-27,2015-11-22,845
jemalloc/jemalloc,13310527,17,50,28,2015-4-15,2017-7-2,807
ipython/ipython,658518,11,151,87,2013-8-9,2017-9-29,1510
tarantool/tarantool,911980,9,105,95,2015-4-26,2017-8-22,846
mikepenz/MaterialDrawer,30120110,88,10,6,2015-2-9,2017-7-29,900
matthewpalmer/Locksmith,24284165,9,55,62,2014-11-28,2016-2-14,446
CocoaPods/CocoaPods,2203645,55,29,16,2013-7-3,2017-10-24,1571
ecomfe/echarts,9185792,35,26,14,2015-3-23,2017-9-27,914
CachetHQ/Cachet,26730195,34,23,9,2015-5-10,2017-6-28,778
h5bp/html5-boilerplate,486550,8,208,220,2013-9-10,2017-9-11,1461
Dogfalo/materialize,23974149,26,41,28,2014-11-4,2017-8-26,1027
swisspol/GCDWebServer,7369087,22,58,36,2014-4-17,2017-8-21,1219
capistrano/capistrano,138312,14,40,41,2016-5-17,2017-10-23,521
github/hub,401025,21,64,54,2013-12-22,2017-6-26,1284
overtrue/wechat,29843361,40,24,12,2015-3-13,2017-10-27,954
laravel/laravel,1863329,3,56,67,2017-5-14,2017-9-6,112
ReactiveCocoa/ReactiveCocoa,3606624,52,29,16,2013-9-14,2017-10-20,1496
nbs-system/naxsi,2233185,16,84,34,2013-9-4,2017-2-14,1260
top-think/think,8305060,14,44,33,2016-1-30,2017-9-7,582
chenshuo/muduo,648343,10,105,82,2014-3-13,2016-10-26,953
purescript/purescript,13206906,54,22,20,2014-4-27,2017-7-10,1168
pornel/pngquant,310296,12,133,93,2013-7-27,2017-8-8,1471
scala/scala,2888818,29,55,51,2013-7-16,2017-10-19,1553
consolidation/Robo,16185196,33,42,26,2014-1-28,2017-10-25,1362
ReactiveCocoa/ReactiveSwift,59369770,23,17,14,2016-9-24,2017-10-19,390
tidyverse/dplyr,6427813,16,89,61,2014-1-17,2017-9-29,1347
optonaut/ActiveLabel.swift,41873203,12,57,39,2015-12-25,2017-9-15,630
powerline/powerline,4637221,14,75,48,2014-9-5,2017-5-8,978
umano/AndroidSlidingUpPanel,10410764,8,88,64,2014-6-26,2016-3-7,621
mholt/caddy,29207621,27,34,29,2015-4-28,2017-10-9,891
quartznet/quartznet,1208824,14,119,95,2013-7-3,2017-10-8,1555
julienXX/terminal-notifier,5057307,7,226,223,2013-8-24,2017-5-12,1358
mRemoteNG/mRemoteNG,460848,17,32,22,2016-5-31,2017-10-28,512
Microsoft/react-native-code-push,36749153,49,14,12,2015-11-8,2017-10-3,695
ponylang/ponyc,6667084,29,14,8,2016-8-28,2017-10-17,414
lucadegasperi/oauth2-server-laravel,13300645,27,48,27,2013-10-9,2017-3-13,1254
ChrisRM/material-theme-jetbrains,42984727,12,17,12,2017-3-21,2017-10-1,190
mwaskom/seaborn,4704710,12,122,71,2013-12-23,2017-9-3,1350
hakimel/reveal.js,1861458,12,127,126,2013-7-2,2017-5-5,1403
github/fetch,25136308,10,71,67,2015-5-30,2017-3-2,642
autofac/Autofac,16139210,9,45,44,2016-10-18,2017-10-16,363
MailOnline/ImageViewer,47424925,13,55,41,2015-12-11,2017-10-2,661
zenorocha/clipboard.js,42751014,17,38,24,2015-9-28,2017-5-29,611
SwiftGen/SwiftGen,39166950,17,38,34,2016-2-19,2017-10-22,608
aria2/aria2,1116542,18,44,30,2015-9-27,2017-10-17,750
twitter/scrooge,2249288,16,39,41,2016-3-8,2017-10-27,594
gitbucket/gitbucket,9350746,60,26,28,2013-7-3,2017-10-13,1560
GarageGames/Torque3D,5862644,14,66,44,2014-10-3,2017-2-8,860
php-ai/php-ml,51325497,8,34,19,2016-7-7,2017-3-5,243
kelseyhightower/confd,13234395,28,54,22,2013-10-6,2017-10-10,1464
kubernetes/kubernetes,20580498,134,8,6,2014-10-15,2017-10-24,1104
OpenRA/OpenRA,959908,47,29,15,2014-2-7,2017-10-14,1342
JeffreySu/WeiXinMPSDK,7560589,21,28,20,2016-2-21,2017-9-20,574
realm/realm-cocoa,4044891,68,13,10,2015-5-6,2017-10-25,899
mamaral/Neon,42832234,8,49,27,2015-10-6,2016-9-19,348
serverless/serverless,34302698,39,17,13,2015-12-8,2017-9-21,653
Microsoft/msbuild,32051890,22,32,29,2015-12-1,2017-10-12,681
restsharp/RestSharp,374228,11,71,34,2013-9-12,2015-8-26,714
bolt/bolt,4665416,95,14,9,2014-2-22,2017-10-18,1331
krakjoe/pthreads,5589723,11,15,7,2015-9-10,2016-2-13,158
antitypical/Result,31188467,31,29,13,2015-4-9,2017-9-27,898
google/brotli,24993138,7,128,158,2015-8-11,2017-9-21,770
datastax/spark-cassandra-connector,21280887,51,21,16,2014-7-29,2017-7-8,1074
enyo/dropzone,3422939,16,63,27,2013-7-3,2016-2-14,956
coreos/fleet,13512328,33,32,14,2014-2-18,2016-12-22,1034
henrylee2cn/pholcus,38499784,21,22,12,2015-7-3,2016-9-25,447
botman/botman,65017574,27,13,6,2016-11-10,2017-10-18,343
expressjs/express,237159,55,23,8,2014-5-8,2017-10-19,1256
Skyscanner/SkyFloatingLabelTextField,48360584,13,42,28,2016-2-14,2017-7-4,505
facebook/rebound,13486910,8,69,36,2014-1-30,2015-6-4,489
vim-syntastic/syntastic,248523,3,319,381,2015-1-19,2016-10-22,638
charliesome/better_errors,7066560,10,166,69,2013-8-31,2017-10-13,1502
go-vgo/robotgo,69269563,7,46,43,2016-11-23,2017-8-24,276
alikaragoz/MCSwipeTableViewCell,8523763,6,111,16,2014-1-5,2015-7-18,558
mutualmobile/MMDrawerController,9914221,10,71,39,2013-7-3,2015-4-2,639
mutualmobile/MMWormhole,27653666,6,179,109,2014-12-8,2017-5-22,899
thestonefox/VRTK,56940351,8,51,37,2016-7-11,2017-7-6,360
AngleSharp/AngleSharp,10501638,6,86,27,2015-7-30,2016-10-7,432
ServiceStack/ServiceStack,1339922,37,40,33,2013-9-12,2017-9-6,1454
stig/json-framework,721040,7,183,29,2013-11-9,2016-11-15,1101
goktugyil/EZSwiftExtensions,46181416,20,24,14,2015-11-14,2017-2-25,471
spree/spree,3314,41,38,23,2013-8-5,2017-10-20,1535
revel/revel,2945088,12,126,76,2013-9-16,2017-7-12,1396
explosion/spaCy,21467110,15,19,12,2016-10-19,2017-7-22,278
pytorch/pytorch,65600975,11,36,21,2016-9-1,2017-8-28,362
emilsjolander/StickyListHeaders,3688678,15,44,36,2013-9-15,2015-5-21,616
tflearn/tflearn,55147386,6,76,61,2016-5-31,2017-6-18,382
omniauth/omniauth,587311,5,59,6,2017-2-6,2017-10-2,236
ocornut/imgui,22067521,38,31,12,2014-8-11,2017-10-27,1171
arduino/Arduino,919161,16,98,73,2013-9-19,2017-10-2,1473
dimsemenov/PhotoSwipe,1580851,10,93,40,2014-12-16,2017-4-5,844
jwilder/docker-gen,17762549,22,36,28,2014-5-2,2016-6-12,770
NLog/NLog,5780416,49,30,18,2013-10-10,2017-10-15,1465
tmuxinator/tmuxinator,1157388,11,116,99,2013-7-27,2016-10-8,1166
moby/moby,7691631,57,12,11,2015-8-7,2017-6-28,691
primer/octicons,20893207,17,47,34,2014-6-16,2016-7-11,755
liaohuqiu/android-Ultra-Pull-To-Refresh,26568234,8,41,38,2014-12-1,2015-9-19,293
zxing/zxing,2562751,14,105,26,2014-1-20,2017-10-25,1370
wekan/wekan,16089035,32,25,7,2015-8-31,2017-10-25,784
xhzengAIB/MessageDisplayKit,19094829,24,22,12,2014-4-28,2015-10-8,525
prawnpdf/prawn,7050,6,179,153,2014-9-28,2017-3-11,898
SeleniumHQ/selenium,7613257,7,93,99,2016-2-16,2017-8-30,559
square/picasso,10057936,1,None,None,2013-8-30,2013-8-30,0
rkt/rkt,26509369,60,17,14,2014-11-27,2017-10-4,1042
openalpr/openalpr,14259343,6,161,121,2014-5-1,2016-7-17,806
cakephp/phinx,3055234,12,40,17,2016-6-14,2017-9-9,450
fastlane/fastlane,27442967,163,6,5,2015-1-16,2017-10-23,1007
CodisLabs/codis,25804514,30,29,19,2015-6-18,2017-10-24,856
linkerd/linkerd,49605596,41,16,15,2016-1-14,2017-10-24,645
Z3Prover/z3,32944298,4,189,156,2015-4-13,2016-11-7,569
the-control-group/voyager,72069409,29,11,7,2016-11-26,2017-10-24,333
electron/electron,9384267,200,7,7,2013-8-12,2017-10-19,1527
jp9000/obs-studio,13233158,48,26,25,2014-5-21,2017-10-26,1250
GoogleChrome/lighthouse,53370988,19,23,20,2016-8-6,2017-10-4,423
ReactiveX/RxSwift,33569135,48,18,14,2015-5-9,2017-10-17,888
HelloZeroNet/ZeroNet,29112049,14,49,34,2016-1-4,2017-10-17,648
nats-io/gnatsd,6443435,17,74,52,2014-6-17,2017-9-27,1195
spacehuhn/esp8266_deauther,78281075,7,25,19,2017-3-7,2017-8-8,151
OAuthSwift/OAuthSwift,21315049,9,69,68,2015-11-30,2017-6-4,554
giggsey/libphonenumber-for-php,9077725,80,19,15,2013-8-13,2017-10-16,1523
airbnb/react-native-maps,48764652,12,36,18,2016-8-31,2017-10-11,405
getredash/redash,13926404,38,36,16,2014-2-25,2017-10-22,1332
mongodb/mongo-csharp-driver,699689,26,56,42,2013-8-7,2017-6-8,1401
OpenLiveWriter/OpenLiveWriter,47679179,5,133,56,2015-12-9,2017-5-23,534
vapor/vapor,49910095,79,7,6,2016-3-16,2017-10-24,583
zhuhaow/SpechtLite,65428555,22,16,7,2016-8-11,2017-7-19,343
openfaas/faas,77144337,24,12,8,2017-1-4,2017-10-23,289
lift/framework,1295197,25,55,50,2014-1-8,2017-9-16,1343
mozilla-services/heka,6248212,22,43,37,2013-7-3,2015-12-31,908
badoo/Chatto,46873579,6,100,53,2016-1-14,2017-5-29,500
thoughtbot/bourbon,1653882,30,41,24,2014-3-17,2017-6-26,1194
App-vNext/Polly,9864166,5,44,54,2017-2-8,2017-8-6,178
square/retrofit,892275,5,215,275,2013-8-30,2016-1-5,860
getlantern/lantern,1380117,35,35,18,2014-7-8,2017-10-20,1197
tbruyelle/RxPermissions,43370610,5,16,17,2015-10-2,2015-12-7,65
brigade/scss-lint,7228264,37,35,32,2014-4-22,2017-10-10,1263
krzyzanowskim/CryptoSwift,21535619,9,49,41,2016-9-13,2017-10-15,397
postcss/postcss,13078968,77,18,12,2013-12-17,2017-10-4,1387
guard/guard,812610,38,33,10,2013-9-12,2017-1-28,1236
spinnaker/spinnaker,21436816,45,13,9,2015-11-20,2017-6-13,573
fiorix/freegeoip,902930,15,75,51,2014-11-17,2017-10-2,1050
PostgresApp/PostgresApp,3946572,55,27,22,2013-8-22,2017-10-5,1503
rs/SDWebImage,313419,18,89,89,2013-8-11,2017-10-9,1518
typelift/Swiftz,20423545,16,53,20,2015-1-26,2017-4-2,796
idevz/vanilla,40606693,9,64,31,2015-9-17,2017-2-11,514
tools/godep,9787757,32,15,8,2015-10-15,2017-2-2,477
JakeWharton/ActionBarSherlock,1451060,1,None,None,2013-8-14,2013-8-14,0
RubaXa/Sortable,15308499,7,49,57,2014-12-21,2015-10-13,297
picocms/Pico,3929096,12,129,68,2013-9-4,2017-7-25,1421
JustArchi/ArchiSteamFarm,44897462,148,4,4,2015-10-28,2017-10-26,728
sass/libsass,3319769,44,29,9,2013-12-19,2017-5-22,1253
jaegertracing/jaeger,56342508,7,19,20,2017-7-1,2017-10-26,115
cakephp/cakephp,656494,146,10,8,2013-7-3,2017-10-19,1566
danielstjules/Stringy,11291794,21,64,42,2013-12-5,2017-6-12,1287
gorhill/uBlock,33263118,70,13,10,2015-4-3,2017-10-28,935
Sylius/Sylius,2717549,13,64,49,2015-9-8,2017-10-27,779
icanzilb/SwiftSpinner,29830555,8,53,46,2016-9-12,2017-9-19,372
apache/incubator-mxnet,34864402,26,28,14,2015-11-10,2017-10-20,710
nhaarman/ListViewAnimations,8877512,6,68,31,2013-9-12,2014-8-21,344
snare/voltron,10934235,5,40,23,2016-4-12,2016-9-24,162
jedisct1/libsodium,7710647,23,70,46,2013-7-4,2017-10-1,1547
Reactive-Extensions/RxJS,3122202,26,34,22,2013-10-23,2016-3-7,869
beto-rodriguez/Live-Charts,42749841,39,15,10,2015-9-25,2017-4-25,580
RestKit/RestKit,508845,10,158,93,2013-8-20,2017-7-19,1429
future-architect/vuls,54808920,8,72,67,2016-5-24,2017-10-19,510
youtube/vitess,11008207,14,49,27,2015-8-25,2017-5-22,637
haiwen/seafile,4999959,51,23,14,2014-6-7,2017-9-19,1197
StockSharp/StockSharp,27703983,29,33,28,2015-2-25,2017-10-5,950
sschmid/Entitas-CSharp,17873382,46,21,11,2015-3-8,2017-10-26,958
RNCryptor/RNCryptor,3744429,7,166,18,2013-12-31,2016-9-27,1001
hashicorp/terraform,17728164,57,14,13,2015-6-30,2017-10-2,822
webmin/webmin,256164,18,67,71,2014-8-12,2017-10-10,1153
fission/fission,66050533,5,24,15,2017-6-21,2017-9-27,96
barryvdh/laravel-cors,13612575,6,84,51,2016-8-23,2017-10-19,421
tidwall/tile38,53171300,16,33,25,2016-4-2,2017-8-16,499
venmo/synx,19290579,4,8,11,2014-5-29,2014-6-24,25
pintsized/lua-resty-http,13468660,10,146,124,2013-12-19,2017-7-24,1315
erusev/parsedown,11323319,11,70,36,2013-11-2,2015-10-4,702
zcash/zcash,26987049,6,57,49,2016-12-15,2017-9-28,288
dropwizard/dropwizard,1272129,22,44,40,2015-3-6,2017-10-6,940
tidyverse/readr,11663980,6,153,190,2015-4-9,2017-5-16,767
containous/traefik,42408804,89,8,5,2015-10-8,2017-10-24,746
petkaantonov/bluebird,12670444,41,24,12,2015-1-6,2017-10-4,998
javiereguiluz/EasyAdminBundle,29126334,62,16,10,2015-1-16,2017-10-20,1004
status-im/status-react,52308441,2,98,98,2017-1-4,2017-4-12,98
jakubroztocil/httpie,3544424,8,149,115,2014-1-25,2016-12-8,1043
japgolly/scalajs-react,21457951,32,36,26,2014-9-15,2017-10-29,1139
tqdm/tqdm,36804486,26,29,20,2015-10-11,2017-10-15,734
google/j2objc,16389681,27,52,42,2014-1-31,2017-10-24,1358
github/gh-ost,54378638,30,17,8,2016-5-5,2017-9-14,494
r-lib/testthat,295311,7,132,196,2014-2-21,2016-4-25,794
ninja-build/ninja,1335132,7,243,291,2013-9-12,2017-9-13,1461
barryvdh/laravel-debugbar,12615154,17,69,25,2014-9-3,2017-9-18,1110
roots/bedrock,14075080,46,30,23,2013-12-18,2017-9-20,1372
hybridauth/hybridauth,2784220,18,67,46,2014-5-25,2017-7-9,1139
syedhali/EZAudio,14812903,6,42,4,2015-6-26,2016-1-24,213
cayleygraph/cayley,20537104,7,169,190,2014-6-28,2017-4-12,1019
prettier/prettier,75104123,7,24,25,2017-4-19,2017-9-14,145
mockery/mockery,137515,8,130,48,2015-4-2,2017-10-6,914
getgrav/grav,22553797,92,12,10,2014-8-13,2017-10-27,1169
Codeusa/Borderless-Gaming,15819024,18,74,7,2014-1-12,2017-7-5,1268
PowerShell/Win32-OpenSSH,42125787,29,26,19,2015-10-14,2017-10-17,733
KnpLabs/snappy,723980,13,124,88,2013-9-6,2017-10-4,1488
colebemis/feather,20270252,9,17,8,2017-5-24,2017-10-11,137
FuzzyAutocomplete/FuzzyAutocompletePlugin,13715172,6,138,178,2013-10-20,2015-9-13,693
infernojs/inferno,30161665,57,11,6,2015-12-20,2017-10-12,662
afollestad/material-dialogs,26102180,30,26,20,2015-9-17,2017-10-25,768
skylot/jadx,8859474,8,178,95,2013-7-2,2016-12-5,1248
EyalAr/lwip,21306213,8,97,82,2014-7-9,2016-5-19,680
shadowsocks/shadowsocks-android,7190986,90,12,7,2014-7-26,2017-9-7,1136
evilsocket/bettercap,29429361,30,26,12,2015-7-19,2017-8-21,762
dotnet/corefx,26295345,11,82,62,2015-5-11,2017-8-14,823
ankurp/Dollar,20466037,28,44,41,2014-6-17,2017-9-22,1190
home-assistant/home-assistant,12888993,90,14,8,2014-4-13,2017-10-21,1283
ropensci/plotly,14579179,7,180,51,2013-11-27,2016-11-17,1085
kanboard/kanboard,16238673,2,18,18,2017-10-6,2017-10-24,18
chartjs/Chart.js,8843683,28,44,29,2014-6-29,2017-10-28,1214
doorkeeper-gem/doorkeeper,2802565,8,64,39,2015-12-23,2017-3-12,449
tonsky/datascript,18800032,37,33,21,2014-5-2,2017-8-17,1200
kishikawakatsumi/KeychainAccess,28463126,18,58,33,2015-1-2,2017-9-25,993
airblade/paper_trail,211588,21,61,58,2013-12-2,2017-4-10,1228
nghialv/MaterialKit,26709811,7,77,41,2014-12-9,2016-3-13,464
facebook/facebook-ios-sdk,738491,22,23,24,2016-5-11,2017-9-26,500
cymcsg/UltimateRecyclerView,29946464,8,26,17,2016-2-3,2016-8-5,182
npgsql/npgsql,2883574,45,30,14,2013-12-10,2017-7-25,1325
gunthercox/ChatterBot,24561828,50,21,12,2014-10-12,2017-8-8,1031
TykTechnologies/tyk,19537979,35,34,28,2014-8-13,2017-10-25,1167
msysgit/msysgit,325827,10,52,53,2013-12-6,2015-3-19,473
humhub/humhub,16685462,36,33,27,2014-7-25,2017-10-23,1183
rtyley/bfg-repo-cleaner,7266492,7,100,98,2014-2-1,2015-10-1,605
xamarin/Xamarin.Forms,54213490,37,15,14,2016-4-4,2017-10-19,560
fpillet/NSLogger,951918,7,162,177,2014-9-9,2017-5-9,975
hybridgroup/gobot,12996196,24,60,37,2013-12-30,2017-10-23,1393
gsdios/SDCycleScrollView,32787812,11,85,68,2015-6-22,2017-10-28,856
FrozenNode/Laravel-Administrator,6659216,29,40,22,2013-7-18,2016-8-15,1122
emirpasic/gods,31660590,7,42,14,2016-6-25,2017-3-6,256
TTTAttributedLabel/TTTAttributedLabel,1713774,6,101,34,2014-12-21,2016-5-10,509
eventmachine/eventmachine,43371,9,186,176,2013-6-28,2017-7-28,1490
aspnet/Mvc,15126429,22,53,42,2014-7-8,2017-8-14,1131
electerious/Lychee,6047189,34,36,25,2013-11-21,2017-3-20,1219
go-sql-driver/mysql,7083242,5,311,217,2013-7-2,2016-12-1,1244
stedolan/jq,5101141,4,75,11,2015-1-1,2015-8-16,225
keepassxreboot/keepassxc,52729242,8,39,27,2017-1-22,2017-10-28,276
alexazhou/VeryNginx,48843327,11,19,10,2016-2-4,2016-8-15,191
alda-lang/alda,23338323,52,13,7,2015-11-8,2017-10-17,709
Maatwebsite/Laravel-Excel,14259390,29,32,29,2015-3-11,2017-9-19,918
gohugoio/hugo,11180687,32,50,21,2013-7-5,2017-10-19,1564
Unity-Technologies/PostProcessing,70460785,7,33,33,2017-3-14,2017-10-4,200
audreyr/cookiecutter,11407242,15,108,90,2013-8-12,2017-10-15,1523
facebook/draft-js,52113921,15,42,15,2016-3-9,2017-10-24,590
cloudwu/skynet,5254557,43,19,14,2014-4-23,2016-7-11,808
d3/d3,943149,73,21,13,2013-7-2,2017-10-3,1551
Alamofire/AlamofireImage,41780199,19,40,21,2015-9-6,2017-9-6,730
rofl0r/proxychains-ng,2321051,3,223,315,2015-10-2,2016-12-24,447
sosedoff/pgweb,24968828,25,45,30,2014-10-14,2017-9-29,1080
circe/circe,40011080,23,29,15,2015-11-4,2017-8-21,657
emberjs/ember.js,1801829,79,13,9,2014-9-21,2017-9-14,1088
yudai/gotty,40808571,11,74,23,2015-8-18,2017-8-31,743
react-boilerplate/react-boilerplate,30969188,11,67,37,2015-11-19,2017-9-22,673
phanan/koel,47495360,17,27,20,2016-1-31,2017-4-19,443
ramda/ramda,10851820,11,113,64,2014-9-1,2017-10-9,1133
puma/puma,2441517,3,88,101,2017-2-20,2017-8-17,177
Behat/Behat,1367484,34,44,32,2013-8-17,2017-9-10,1483
PrismLibrary/Prism,31335300,9,95,34,2015-9-11,2017-10-13,762
docker/distribution,28366058,35,26,20,2015-1-29,2017-7-20,901
defunkt/jquery-pjax,1413492,6,308,224,2013-2-26,2017-5-19,1543
google/EarlGrey,51094210,26,22,13,2016-2-17,2017-8-29,557
onevcat/Kingfisher,33486016,66,13,10,2015-4-28,2017-10-21,903
Microsoft/MixedRealityToolkit-Unity,50605426,12,29,15,2016-11-24,2017-10-17,328
shadowsocks/ShadowsocksX-NG,60844036,15,32,20,2016-6-20,2017-9-16,451
fatfreecrm/fat_free_crm,80571,2,22,22,2017-1-31,2017-2-23,22
pangloss/vim-javascript,293477,9,18,23,2016-6-14,2016-11-8,144
kaishin/Gifu,23771864,14,76,53,2014-11-10,2017-7-30,995
magento/magento2,2884111,58,17,8,2014-12-26,2017-9-26,1005
CymChad/BaseRecyclerViewAdapterHelper,55886798,79,7,5,2016-4-11,2017-10-24,558
zhxnlai/ZLSwipeableViewSwift,34710834,6,104,97,2015-5-26,2016-11-5,524
CRYTEK/CRYENGINE,59480719,18,28,18,2016-5-23,2017-9-22,484
Microsoft/Git-Credential-Manager-for-Windows,42456996,24,29,26,2015-9-30,2017-8-11,681
vuejs/vuex,39176269,20,30,20,2016-3-1,2017-10-11,585
buger/goreplay,10379607,24,60,18,2013-9-15,2017-6-30,1385
mledoze/countries,3118246,16,75,68,2013-7-26,2016-9-1,1130
alibaba/fastjson,2700474,37,24,14,2015-5-10,2017-10-8,878
beetbox/beets,827590,27,55,48,2013-7-9,2017-6-20,1441
gali8/Tesseract-OCR-iOS,9769041,4,41,4,2014-12-3,2015-4-3,125
thoughtbot/paperclip,8393,3,59,71,2016-4-20,2016-8-19,119
HeshamMegid/HMSegmentedControl,7317163,6,256,248,2013-11-19,2017-5-20,1281
phpmyadmin/phpmyadmin,3217621,62,20,14,2014-6-12,2017-10-23,1226
symfony/symfony,458058,13,18,16,2017-3-8,2017-10-18,220
dokan-dev/dokany,27818365,15,68,44,2015-1-30,2017-9-19,959
RocketChat/Rocket.Chat,35866694,68,9,7,2016-1-7,2017-10-25,653
mapbox/mapbox-gl-native,16286131,107,8,7,2015-5-4,2017-10-26,902
dotnet/coreclr,30092893,11,63,49,2015-11-18,2017-8-14,636
rstudio/ggvis,9779536,5,120,143,2014-2-26,2015-6-22,481
thoughtbot/administrate,33739333,14,47,33,2015-11-11,2017-7-14,613
diaspora/diaspora,911765,42,36,29,2013-9-25,2017-10-20,1485
jteeuwen/go-bindata,1911958,8,68,49,2013-7-25,2014-11-20,480
robotmedia/RMStore,11766695,7,66,45,2013-10-28,2014-12-3,400
button/DeepLinkKit,27736734,12,89,49,2015-2-9,2017-10-18,979
elastic/elasticsearch-net,942613,65,23,15,2013-7-4,2017-7-21,1477
functional-streams-for-scala/fs2,8609125,5,22,19,2017-7-12,2017-10-13,91
Studio3T/robomongo,6580000,8,117,40,2015-3-14,2017-6-19,825
graphql-dotnet/graphql-dotnet,38632468,41,20,14,2015-7-9,2017-9-22,803
guzzle/guzzle,1420053,22,63,45,2013-11-2,2017-6-22,1330
icanzilb/EasyAnimation,35777740,5,96,108,2016-9-17,2017-10-7,385
IBAnimatable/IBAnimatable,46383222,20,32,27,2016-1-13,2017-9-21,613
yck1509/ConfuserEx,18203752,10,84,60,2014-5-28,2016-7-1,763
mroth/lolcommits,2499845,11,152,139,2013-7-8,2017-9-17,1529
kif-framework/KIF,1834942,25,60,43,2013-8-23,2017-8-14,1451
alibaba/vlayout,83285138,12,17,13,2017-3-11,2017-9-19,188
Mantle/Mantle,5683364,18,55,51,2014-3-1,2016-10-12,951
dmlc/xgboost,16587283,7,142,194,2014-3-27,2016-7-29,852
code4craft/webmagic,9623064,20,77,25,2013-7-25,2017-7-30,1465
sequelpro/sequelpro,14224695,11,30,14,2015-6-6,2016-4-3,302
xmartlabs/Eureka,43330374,15,52,44,2015-9-29,2017-10-6,737
nikic/FastRoute,16896584,10,89,74,2014-11-26,2017-2-5,804
vim-airline/vim-airline,11075527,8,136,14,2013-7-27,2016-3-10,958
lipangit/JiaoZiVideoPlayer,51199322,35,14,14,2016-6-6,2017-10-28,507
keybase/client,29099181,21,34,19,2015-11-6,2017-10-3,697
MvvmCross/MvvmCross,2870911,11,55,27,2016-4-4,2017-10-13,554
mislav/will_paginate,1227,5,339,257,2013-9-18,2017-6-7,1359
Unitech/pm2,10187082,47,25,15,2014-7-29,2017-10-18,1174
nodejs/node,27193779,2,48,48,2017-9-5,2017-10-23,48
SwiftyJSON/SwiftyJSON,20965586,17,67,32,2014-9-26,2017-9-8,1077
panique/huge,4237727,6,90,36,2013-12-15,2015-3-7,452
libgit2/libgit2,901662,33,45,30,2013-7-3,2017-6-19,1446
j4mie/idiorm,512431,4,399,195,2013-12-12,2017-3-21,1199
Flipboard/FLEX,20277829,10,85,78,2014-8-25,2016-10-1,766
facebook/buck,9504214,27,28,18,2015-9-13,2017-10-2,749
Nummer/Destroy-Windows-10-Spying,41032527,21,18,7,2015-8-19,2016-8-31,377
Microsoft/nodejstools,33017149,36,25,16,2015-5-14,2017-10-9,875
janl/mustache.js,326688,9,78,58,2015-2-18,2016-11-8,625
Carthage/Carthage,25050844,48,22,13,2014-11-18,2017-10-14,1061
Marxon13/M13ProgressSuite,15401421,12,92,32,2014-1-21,2016-11-10,1019
druid-io/druid,6358188,18,68,62,2014-6-7,2017-8-23,1171
facebook/xctool,9639981,22,71,58,2013-7-14,2017-9-1,1507
knsv/mermaid,26066727,20,42,15,2014-11-16,2017-1-29,808
caolan/async,698041,1,None,None,2017-4-6,2017-4-6,0
NickeManarin/ScreenToGif,64713769,16,29,27,2016-8-2,2017-10-18,441
fikovnik/ShiftIt,959084,4,293,322,2014-5-22,2016-10-21,879
ledger/ledger,16309,2,366,366,2015-1-10,2016-1-11,366
bower/bower,5710341,23,56,24,2014-4-7,2017-9-13,1251
fchollet/keras,33015583,6,23,25,2017-4-29,2017-8-25,116
SwifterSwift/SwifterSwift,64705781,25,17,13,2016-8-9,2017-10-8,424
greenrobot/greenDAO,2626751,6,85,54,2016-2-4,2017-4-5,426
aspnet/Identity,16491880,18,66,46,2014-7-7,2017-8-14,1132
oclint/oclint,7159640,7,112,127,2015-11-23,2017-9-29,676
ethereum/solidity,40892817,33,24,24,2015-8-21,2017-10-18,787
OpenKinect/libfreenect,1073722,10,139,89,2014-2-15,2017-7-22,1252
swoole/swoole-src,5133949,93,13,11,2014-4-14,2017-9-26,1257
facebook/immutable-js,21413198,32,37,7,2014-8-12,2017-10-17,1160
gatsbyjs/gatsby,36040894,57,13,9,2015-7-22,2017-7-25,733
technomancy/leiningen,356756,14,94,42,2014-6-9,2017-10-27,1233
xmartlabs/XLPagerTabStrip,28266028,9,97,138,2015-8-18,2017-10-5,777
OrchardCMS/Orchard,33889464,7,120,105,2015-5-5,2017-4-27,722
cockroachdb/cockroach,16563587,8,16,14,2017-6-30,2017-10-26,116
crsmithdev/arrow,6750871,4,224,134,2015-1-22,2016-11-29,672
akka/alpakka,70807477,14,26,25,2016-11-10,2017-10-23,348
less/less.js,527644,8,196,46,2013-7-22,2017-4-24,1372
styled-components/styled-components,65794292,17,23,13,2016-10-15,2017-10-24,374
fatedier/frp,48378947,16,33,19,2016-2-29,2017-7-16,502
nlohmann/json,11171548,16,38,27,2015-7-26,2017-2-25,579
ReactiveX/RxJava,7508411,114,13,9,2013-9-3,2017-10-27,1514
mbdavid/LiteDB,23315232,27,37,24,2015-1-31,2017-10-18,987
KnpLabs/Gaufrette,1267753,6,165,173,2015-3-9,2017-6-17,828
snabbco/snabb,4857740,37,34,30,2014-4-1,2017-8-30,1244
draios/sysdig,15926180,47,27,21,2014-4-7,2017-10-4,1272
ossec/ossec-hids,12901559,17,78,62,2014-2-24,2017-8-9,1260
mochajs/mocha,1451352,14,35,20,2016-7-3,2017-10-6,458
opal/opal,184366,10,158,19,2013-7-24,2017-6-21,1427
alibaba/druid,2700159,20,32,28,2016-2-16,2017-10-27,616
googlevr/gvr-unity-sdk,27791908,6,34,27,2017-4-19,2017-10-13,174
daimajia/AndroidSwipeLayout,23301468,8,34,6,2014-8-25,2015-4-20,240
kubernetes/helm,43723161,29,20,16,2016-3-11,2017-10-23,587
AutoMapper/AutoMapper,505380,21,70,77,2013-8-25,2017-6-27,1402
evant/gradle-retrolambda,11888356,2,82,82,2017-5-1,2017-7-23,82
pattern-lab/patternlab-php,10777493,20,54,8,2013-9-5,2016-7-12,1042
Microsoft/PTVS,32487763,29,22,13,2015-5-4,2017-1-24,630
yiisoft/yii2,3431193,17,80,69,2013-12-1,2017-6-5,1284
Microsoft/BotBuilder,53092757,40,14,9,2016-4-1,2017-10-5,549
dkhamsing/open-source-ios-apps,29887499,15,28,11,2016-5-12,2017-6-21,404
aurelia/framework,27835638,58,18,10,2014-12-10,2017-10-2,1027
sumory/orange,54266969,9,41,36,2016-6-19,2017-5-16,332
thephpleague/oauth2-server,4551765,26,56,28,2013-9-23,2017-8-3,1410
cesanta/mongoose,5414488,10,80,90,2015-9-21,2017-9-13,722
AudioKit/AudioKit,16096528,29,37,29,2014-12-14,2017-10-16,1037
kickstarter/ios-oss,75432091,12,24,15,2016-12-15,2017-9-14,274
Day8/re-frame,27587921,17,58,39,2015-3-6,2017-10-7,941
pkluz/PKHUD,20951559,12,83,51,2015-3-25,2017-10-4,919
cyfdecyf/cow,5552858,14,82,25,2013-7-10,2016-6-19,1074
MahApps/MahApps.Metro,2584777,20,72,69,2014-1-16,2017-10-22,1371
nopSolutions/nopCommerce,18586705,5,160,212,2016-1-12,2017-10-17,640
kickstarter/rack-attack,5219382,5,59,57,2015-12-18,2016-8-9,236
fluentmigrator/fluentmigrator,589349,12,80,61,2013-12-29,2016-5-31,887
mailhog/MailHog,18858585,19,60,32,2014-4-20,2017-4-16,1091
bumptech/glide,11267509,23,68,40,2013-8-8,2017-10-3,1515
NVIDIA/nvidia-docker,45557469,9,52,29,2016-1-9,2017-3-3,419
jeasonlzy/okhttp-OkGo,49712843,8,49,29,2016-8-4,2017-7-17,348
dotnet/roslyn,29078997,16,51,44,2015-8-26,2017-10-11,775
realm/jazzy,20552964,31,34,26,2015-1-2,2017-10-27,1025
esp8266/Arduino,32969220,12,63,33,2015-11-17,2017-10-15,698
MatthewYork/DateTools,17908165,16,72,28,2014-3-24,2017-3-13,1084
waynewbishop/SwiftStructures,24014960,6,148,110,2015-9-11,2017-9-25,744
mac-cain13/R.swift,27892731,49,21,12,2014-12-12,2017-10-2,1025
PhilJay/MPAndroidChart,19148949,36,29,18,2014-5-28,2017-3-23,1030
mrdoob/three.js,576201,29,53,39,2013-7-2,2017-8-18,1506
nikic/PHP-Parser,1631570,29,53,43,2013-8-27,2017-10-18,1511
go-kit/kit,30215630,6,97,103,2016-6-7,2017-10-9,487
